,link
898,/szombathely/elado+lakas/tegla-epitesu-lakas/32690807
899,/szombathely/elado+lakas/tegla-epitesu-lakas/32690807
900,/szombathely/elado+lakas/tegla-epitesu-lakas/32690759
901,/szombathely/elado+lakas/tegla-epitesu-lakas/32690759
902,/ix-ker/elado+lakas/tegla-epitesu-lakas/32940102
903,/ix-ker/elado+lakas/tegla-epitesu-lakas/32940102
904,/ix-ker/elado+lakas/tegla-epitesu-lakas/32939155
905,/ix-ker/elado+lakas/tegla-epitesu-lakas/32939155
906,/iv-ker/elado+lakas/tegla-epitesu-lakas/32805311
907,/iv-ker/elado+lakas/tegla-epitesu-lakas/32805311
908,/viii-ker/elado+lakas/tegla-epitesu-lakas/32863188
909,/viii-ker/elado+lakas/tegla-epitesu-lakas/32863188
910,/v-ker/elado+lakas/tegla-epitesu-lakas/28450448
911,/v-ker/elado+lakas/tegla-epitesu-lakas/28450448
912,/viii-ker/elado+lakas/tegla-epitesu-lakas/32674840
913,/viii-ker/elado+lakas/tegla-epitesu-lakas/32674840
914,/iii-ker/elado+lakas/panel-lakas/32974352
915,/iii-ker/elado+lakas/panel-lakas/32974352
916,/ix-ker/elado+lakas/tegla-epitesu-lakas/32776413
917,/ix-ker/elado+lakas/tegla-epitesu-lakas/32776413
918,/xiii-ker/elado+lakas/tegla-epitesu-lakas/32957116
919,/xiii-ker/elado+lakas/tegla-epitesu-lakas/32957116
920,/xiii-ker/elado+lakas/tegla-epitesu-lakas/32984674
921,/xiii-ker/elado+lakas/tegla-epitesu-lakas/32984674
922,/ii-ker/elado+lakas/tegla-epitesu-lakas/32976657
923,/ii-ker/elado+lakas/tegla-epitesu-lakas/32976657
924,/xi-ker/elado+lakas/tegla-epitesu-lakas/32998385
925,/xi-ker/elado+lakas/tegla-epitesu-lakas/32998385
926,/xiii-ker/elado+lakas/tegla-epitesu-lakas/33000469
927,/xiii-ker/elado+lakas/tegla-epitesu-lakas/33000469
928,/xi-ker/elado+lakas/panel-lakas/33001023
929,/xi-ker/elado+lakas/panel-lakas/33001023
930,/xi-ker/elado+lakas/tegla-epitesu-lakas/32987366
931,/xi-ker/elado+lakas/tegla-epitesu-lakas/32987366
932,/vii-ker/elado+lakas/tegla-epitesu-lakas/32920730
933,/vii-ker/elado+lakas/tegla-epitesu-lakas/32920730
934,/iii-ker/elado+lakas/panel-lakas/33004361
935,/iii-ker/elado+lakas/panel-lakas/33004361
936,/xiii-ker/elado+lakas/tegla-epitesu-lakas/33004164
937,/xiii-ker/elado+lakas/tegla-epitesu-lakas/33004164
938,/vii-ker/elado+lakas/tegla-epitesu-lakas/33005450
939,/vii-ker/elado+lakas/tegla-epitesu-lakas/33005450
940,/xiii-ker/elado+lakas/tegla-epitesu-lakas/32983230
941,/xiii-ker/elado+lakas/tegla-epitesu-lakas/32983230
942,/vii-ker/elado+lakas/tegla-epitesu-lakas/28867703
943,/vii-ker/elado+lakas/tegla-epitesu-lakas/28867703
944,/viii-ker/elado+lakas/tegla-epitesu-lakas/32847739
945,/viii-ker/elado+lakas/tegla-epitesu-lakas/32847739
946,/viii-ker/elado+lakas/tegla-epitesu-lakas/32866088
947,/viii-ker/elado+lakas/tegla-epitesu-lakas/32866088
948,/viii-ker/elado+lakas/tegla-epitesu-lakas/32901346
949,/viii-ker/elado+lakas/tegla-epitesu-lakas/32901346
950,/xiii-ker/elado+lakas/tegla-epitesu-lakas/32941916
951,/xiii-ker/elado+lakas/tegla-epitesu-lakas/32941916
952,/vii-ker/elado+lakas/tegla-epitesu-lakas/32265440
953,/vii-ker/elado+lakas/tegla-epitesu-lakas/32265440
954,/xi-ker/elado+lakas/tegla-epitesu-lakas/32223580
955,/xi-ker/elado+lakas/tegla-epitesu-lakas/32223580
956,/xiii-ker/elado+lakas/tegla-epitesu-lakas/32768382
957,/xiii-ker/elado+lakas/tegla-epitesu-lakas/32768382
958,/vii-ker/elado+lakas/tegla-epitesu-lakas/32889846
959,/vii-ker/elado+lakas/tegla-epitesu-lakas/32889846
960,/xiv-ker/elado+lakas/tegla-epitesu-lakas/32953006
961,/xiv-ker/elado+lakas/tegla-epitesu-lakas/32953006
962,/xi-ker/elado+lakas/tegla-epitesu-lakas/32923710
963,/xi-ker/elado+lakas/tegla-epitesu-lakas/32923710
964,/iv-ker/elado+lakas/panel-lakas/23141128
965,/iv-ker/elado+lakas/panel-lakas/23141128
966,/iv-ker/elado+lakas/panel-lakas/33010067
967,/iv-ker/elado+lakas/panel-lakas/33010067
